<?xml version="1.0" encoding="GB2312"?>
<root>
<ID type="0" name="9712"/>
<ID type="0" name="9732"/>
<ID type="0" name="1363"/>
<ID type="1" name="0130"/>
<ID type="2" name="225"/>
<ID type="3" name="238"/>
<ID type="4" name="222"/>
<ID type="4" name="0237"/>
<ID type="4" name="323"/>
<ID type="4" name="2023"/>
<ID type="5" name="236"/>
<ID type="6" name="4689"/>
<ID type="7" name="5658"/>
<ID type="7" name="05A10"/>
<ID type="8" name="185"/>
<ID type="9" name="290"/>
<ID type="10" name="291"/>
<ID type="11" name="34220"/>
<ID type="12" name="34229"/>
<ID type="13" name="123"/>
<ID type="14" name="124"/>
<ID type="15" name="178"/>
<ID type="16" name="2718"/>
<ID type="17" name="226"/>
<ID type="17" name="274"/>
</root>
